{"cameraMode":{"drawMode":0,"name":"Shaded","section":"Shading Mode"},"sceneLighting":false,"audioPlay":false,"sceneViewState":{"m_AlwaysRefresh":false,"showFog":true,"showSkybox":false,"showFlares":true,"showImageEffects":true,"showParticleSystems":true,"showVisualEffectGraphs":true,"m_FxEnabled":true},"in2DMode":false,"pivot":{"x":0.6419672966003418,"y":5.052376747131348,"z":48.467342376708987},"rotation":{"x":-0.23378826677799226,"y":-0.06570528447628021,"z":0.015373471193015576,"w":-0.970320463180542},"size":5.227280616760254,"orthographic":false}